id,firstName,lastName,birthday
41,Vivian,Love,1951-10-31 08:57:08
42,Charde,Lang,1967-02-23 12:24:26
43,Jason,Powe11,1963-12-08 02:21:02
44,Colleen,Terre11,1980-04-27 07:30:11
45,Cul1en,Cardenas,1966-02-13 19:55:40
46,Avram,Leblanc,1977-11-09 12:33:25
47,Gray,Gentry,1970-11-25 03:25:56
48,Nehru,Brdck,1966-10-13 02:42:31
49,Ulla,Stewart,1988-12-13 13:23:22
50,Azalia,Hines,1954-09-19 06:32:44
51,Chava,Frank,1972-04-10 17:09:23
52,Jamal,coffey,1985-03-08 09:36:59
53,Abigail,odonne1l,1989-12-27 06:08:38.
54,Lavinia,Hall,1976-03-23 14:34:07
55,Clark,Barrera,1975-09-15 23:24:46
56,Kennan,Donaldson,1958-07-08 17 :24:49
57,Allegra,Rose,1967-10-17 15:32:47
58,Carson,Downs,1955-06-13 13:29:17
59,Carla,Owen,1968-09-04 07 :54:03
60,Kenyon,Cox,1955-05-04 18:24:57
