id,firstName,lastName,birthday
21,Kyra,Macias,1981-04-03 17:30:03
22,Erica,Berger,1965-07-19 18:21:57
23,Kaitlin,Ellis,1961-05-24 13:00:38
24,Sonya,Nelson,1970-06-27 15:10:05 .
25,Graiden,Wynn,1965-06-1216:43:16
26,Amethyst,Nunez,1952-11-2000:01:49
27,Justine,Car1son,1982-12-1600:26:53
28,Dennis,Molina,1980-12-1508:16:08
29,Adena,Rosales,1986-11-06 14:38:10
30,Burke,Morrison,1989-05-0901 :05: 00
31,Macon,Galloway,1960-01-29 00:46:28
32,Todd,Greer,1952-09-29 10:48:45
33,Aretha,Norton,1972-06-1309:20:58
34,Zephania,Cortez,1969-05-2211:45:59
35,Ishmael,Wolfe,1978-12-2816:16:59
36,Todd,Day,1953-10-12 20:13:00
37,Gareth,Mckay,1970-02-2123:30:54
38,WrongName,Vargas,1951-07-13- 13:44:11
39,Darius,Baker,1954-11-2623:32:23
40,Rajah,Wise,1960-05-07 08:38:16
