{
  "Comment": "A workflow to process CSV data between two ECS services with validation",
  "StartAt": "CallStep1",
  "States": {
    "CallStep1": {
      "Type": "Task",
      "Resource": "arn:aws:states:::http:invoke",
      "Parameters": {
        "ApiEndpoint": "http://<step1-alb-dns>/process",
        "Method": "POST",
        "Authentication": {
          "ConnectionArn": "arn:aws:states:::aws-sdk:apigateway:connection"
        },
        "RequestBody": {
          "bucket": "my-bucket",
          "key": "input.csv"
        }
      },
      "ResultPath": "$.step1Output",
      "Next": "ValidateData"
    },
    "ValidateData": {
      "Type": "Task",
      "Resource": "arn:aws:states:::lambda:invoke",
      "Parameters": {
        "FunctionName": "arn:aws:lambda:us-east-1:123456789012:function:ValidateFunction",
        "Payload.$": "$.step1Output.ResponseBody"
      },
      "ResultPath": "$.validatedData",
      "Next": "CallStep2"
    },
    "CallStep2": {
      "Type": "Task",
      "Resource": "arn:aws:states:::http:invoke",
      "Parameters": {
        "ApiEndpoint": "http://<step2-alb-dns>/process",
        "Method": "POST",
        "Authentication": {
          "ConnectionArn": "arn:aws:states:::aws-sdk:apigateway:connection"
        },
        "RequestBody.$": "$.validatedData.Payload"
      },
      "End": true
    }
  }
}